src,dst
573695406e3b12023e46f1ff,573695416e3b12023e46f8bf
573695406e3b12023e46f200,573695416e3b12023e46f8bf
573695406e3b12023e46f201,573695416e3b12023e46f8bf
573695406e3b12023e46f202,573695416e3b12023e46f8bf
573695406e3b12023e46f203,573695416e3b12023e46f8bf
573695406e3b12023e46f204,573695416e3b12023e46f8bf
573695406e3b12023e46f205,573695416e3b12023e46f8bf
573695406e3b12023e46f206,573695416e3b12023e46f8bf
573695406e3b12023e46f207,573695416e3b12023e46f8bf
573695406e3b12023e46f208,573695416e3b12023e46f8bf
573695406e3b12023e46f209,573695416e3b12023e46f8bf
573695406e3b12023e46f20a,573695416e3b12023e46f8bf
573695406e3b12023e46f20b,573695416e3b12023e46f8bf
573695406e3b12023e46f20c,573695416e3b12023e46f8bf
573695406e3b12023e46f20d,573695416e3b12023e46f8bf
573695406e3b12023e46f20e,573695416e3b12023e46f8bf
573695406e3b12023e46f20f,573695416e3b12023e46f8bf
573695406e3b12023e46f210,573695416e3b12023e46f8bf
573695406e3b12023e46f211,573695416e3b12023e46f8bf
573695406e3b12023e46f212,573695416e3b12023e46f8bf
573695406e3b12023e46f218,573695416e3b12023e46f8bf
573695406e3b12023e46f252,573695416e3b12023e46f8bf
573695406e3b12023e46f253,573695416e3b12023e46f8bf
573695406e3b12023e46f2cf,573695416e3b12023e46f8bf
573695406e3b12023e46f45e,573695416e3b12023e46f8bf
573695406e3b12023e46f510,573695416e3b12023e46f8bf
573695406e3b12023e46f510,573695406e3b12023e46f5be
573695406e3b12023e46f575,573695416e3b12023e46f8bf
573695406e3b12023e46f575,573695416e3b12023e46f873
573695406e3b12023e46f5be,573695416e3b12023e46f8bf
573695406e3b12023e46f72a,573695416e3b12023e46f8bf
573695406e3b12023e46f744,573695416e3b12023e46f8bf
573695406e3b12023e46f749,573695416e3b12023e46f8bf
573695406e3b12023e46f749,573695416e3b12023e46fd11
573695406e3b12023e46f7be,573695416e3b12023e46f8bf
573695406e3b12023e46f7be,573695416e3b12023e46f82a
573695406e3b12023e46f7d6,573695406e3b12023e46f218
573695406e3b12023e46f7d6,573695416e3b12023e46f8bf
573695416e3b12023e46f7f8,573695416e3b12023e46f8bf
573695416e3b12023e46f82a,573695416e3b12023e46f8bf
573695416e3b12023e46f873,573695416e3b12023e46f8bf
573695416e3b12023e46f88b,573695416e3b12023e46f8bf
573695416e3b12023e46f8d6,573695406e3b12023e46f45e
573695416e3b12023e46f8d6,573695416e3b12023e46f8bf
573695416e3b12023e46f91a,573695416e3b12023e46f8bf
573695416e3b12023e46f91a,573695416e3b12023e46fb21
573695416e3b12023e46f9bf,573695416e3b12023e46f8bf
573695416e3b12023e46f9bf,573695416e3b12023e46f9f1
573695416e3b12023e46f9f1,573695416e3b12023e46f8bf
573695416e3b12023e46fa15,573695406e3b12023e46f2cf
573695416e3b12023e46fa15,573695416e3b12023e46f8bf
573695416e3b12023e46faf9,573695416e3b12023e46f88b
573695416e3b12023e46faf9,573695416e3b12023e46f8bf
573695416e3b12023e46fb21,573695416e3b12023e46f8bf
573695416e3b12023e46fb45,573695406e3b12023e46f744
573695416e3b12023e46fb45,573695416e3b12023e46f8bf
573695416e3b12023e46fbc0,573695406e3b12023e46f253
573695416e3b12023e46fbc0,573695416e3b12023e46f8bf
573695416e3b12023e46fbdb,573695406e3b12023e46f252
573695416e3b12023e46fbdb,573695416e3b12023e46f8bf
573695416e3b12023e46fd11,573695416e3b12023e46f8bf
573695416e3b12023e46fdb3,573695406e3b12023e46f72a
573695416e3b12023e46fdb3,573695416e3b12023e46f8bf
573695426e3b12023e470c15,573695426e3b12023e470c0b
573695426e3b12023e470db3,573695426e3b12023e470c0b
573695426e3b12023e470f35,573695426e3b12023e470c0b
573695436e3b12023e470f70,573695426e3b12023e470c0b
5736955d6e3b12023e484bf2,573695416e3b12023e46f7f8
5736955d6e3b12023e484bf2,5736988e6e3b12023e74c54a
5736955d6e3b12023e484bf2,5736988e6e3b12023e74c54f
5736955d6e3b12023e484bf4,573696856e3b12023e59187a
5736955d6e3b12023e484bf4,5736988d6e3b12023e74ba10
5736955d6e3b12023e484bf4,5736988e6e3b12023e74c54a
5736955d6e3b12023e484bf4,5736988e6e3b12023e74c54f
5736965d6e3b12023e56a892,5736965e6e3b12023e56ac34
5736965d6e3b12023e56a95e,5736965e6e3b12023e56ac59
5736965d6e3b12023e56aaf0,5736965d6e3b12023e56a892
5736965e6e3b12023e56ab97,5736965e6e3b12023e56b1b6
5736965e6e3b12023e56ac59,5736965e6e3b12023e56af13
5736965e6e3b12023e56ad7a,5736965d6e3b12023e56aaad
5736965e6e3b12023e56ad7a,5736965e6e3b12023e56b026
5736965e6e3b12023e56af5c,5736965d6e3b12023e56a892
5736965e6e3b12023e56af5c,5736965e6e3b12023e56ac34
5736965e6e3b12023e56b244,5736965e6e3b12023e56b1b6
573696856e3b12023e59187a,5736988a6e3b12023e748678
573696856e3b12023e59187a,5736988d6e3b12023e74ba10
573696866e3b12023e5918f8,573696856e3b12023e59187a
573696866e3b12023e5918f8,5736988a6e3b12023e748678
573696866e3b12023e5918f8,5736988d6e3b12023e74ba10
573696866e3b12023e5918f8,5736988e6e3b12023e74c54a
573696896e3b12023e593e6e,5736965d6e3b12023e56a892
573696896e3b12023e593e6e,5736965d6e3b12023e56aaad
573696896e3b12023e593e6e,5736965e6e3b12023e56ad7a
573696896e3b12023e594070,5736965d6e3b12023e56a892
573696896e3b12023e594070,5736965e6e3b12023e56ab97
573696896e3b12023e594070,5736965e6e3b12023e56b026
573696896e3b12023e594070,5736965e6e3b12023e56b1b6
573696896e3b12023e594070,5736965e6e3b12023e56b244
573696896e3b12023e5941d5,5736965e6e3b12023e56ab97
573696896e3b12023e5941d5,5736965e6e3b12023e56b1b6
573696896e3b12023e5941d5,5736965e6e3b12023e56b244
573696926e3b12023e59c426,5736955d6e3b12023e484bf4
573696926e3b12023e59c426,5736985a6e3b12023e7204e9
573696926e3b12023e59c426,5736988d6e3b12023e74ba10
573696926e3b12023e59c426,5736988e6e3b12023e74c54a
573696926e3b12023e59c426,5736988e6e3b12023e74c54f
573696936e3b12023e59caca,573696866e3b12023e5918f8
573696936e3b12023e59caca,5736988a6e3b12023e748678
573696936e3b12023e59caca,5736988d6e3b12023e74ba30
573696936e3b12023e59caca,5736988e6e3b12023e74c54a
573696b86e3b12023e5ba327,573696bb6e3b12023e5bc3d1
573696b86e3b12023e5ba32c,573696bb6e3b12023e5bc3d1
573696b86e3b12023e5ba32e,573696bb6e3b12023e5bc3d1
573696b86e3b12023e5ba336,573696bb6e3b12023e5bc3d1
573696b86e3b12023e5ba349,573696bb6e3b12023e5bc3d1
573696b86e3b12023e5ba34b,573696bb6e3b12023e5bc3d1
573696b86e3b12023e5ba34c,573696bb6e3b12023e5bc3d1
573696b86e3b12023e5ba354,573696bb6e3b12023e5bc3d1
573696b86e3b12023e5ba355,573696bb6e3b12023e5bc3d1
573696b86e3b12023e5ba368,573696bb6e3b12023e5bc3d1
573696b86e3b12023e5ba36a,573696bb6e3b12023e5bc3d1
573696b86e3b12023e5ba377,573696bb6e3b12023e5bc3d1
573696b86e3b12023e5ba37a,573696bb6e3b12023e5bc3d1
573696b86e3b12023e5ba381,573696bb6e3b12023e5bc3d1
573696b86e3b12023e5ba383,573696bb6e3b12023e5bc3d1
573696b86e3b12023e5ba398,573696bb6e3b12023e5bc3d1
573696b86e3b12023e5ba3a0,573696bb6e3b12023e5bc3d1
573696b86e3b12023e5ba3b0,573696bb6e3b12023e5bc3d1
573696b86e3b12023e5ba3b2,573696bb6e3b12023e5bc3d1
573696b86e3b12023e5ba3b9,573696bb6e3b12023e5bc3d1
573696b86e3b12023e5ba3c5,573696bb6e3b12023e5bc3d1
573696b86e3b12023e5ba3c6,573696bb6e3b12023e5bc3d1
573696b86e3b12023e5ba3cc,573696bb6e3b12023e5bc3d1
573696b86e3b12023e5ba3e6,573696bb6e3b12023e5bc3d1
573696b86e3b12023e5ba3e8,573696bb6e3b12023e5bc3d1
573696b86e3b12023e5ba3eb,573696bb6e3b12023e5bc3d1
573696b86e3b12023e5ba3ed,573696bb6e3b12023e5bc3d1
573696b86e3b12023e5ba3fe,573696bb6e3b12023e5bc3d1
573696b86e3b12023e5ba400,573696bb6e3b12023e5bc3d1
573696b86e3b12023e5ba402,573696bb6e3b12023e5bc3d1
573696b86e3b12023e5ba40e,573696bb6e3b12023e5bc3d1
573696b86e3b12023e5ba416,573696bb6e3b12023e5bc3d1
573696b86e3b12023e5ba418,573696bb6e3b12023e5bc3d1
573696b86e3b12023e5ba42e,573696bb6e3b12023e5bc3d1
573696b86e3b12023e5ba430,573696bb6e3b12023e5bc3d1
573696b86e3b12023e5ba43e,573696bb6e3b12023e5bc3d1
573696b86e3b12023e5ba441,573696bb6e3b12023e5bc3d1
573696b86e3b12023e5ba44c,573696bb6e3b12023e5bc3d1
573696b86e3b12023e5ba450,573696bb6e3b12023e5bc3d1
573696b86e3b12023e5ba453,573696bb6e3b12023e5bc3d1
573696b86e3b12023e5ba45e,573696bb6e3b12023e5bc3d1
573696b86e3b12023e5ba462,573696bb6e3b12023e5bc3d1
573696b86e3b12023e5ba469,573696bb6e3b12023e5bc3d1
573696b86e3b12023e5ba46c,573696bb6e3b12023e5bc3d1
573696b86e3b12023e5ba470,573696bb6e3b12023e5bc3d1
573696b86e3b12023e5ba472,573696bb6e3b12023e5bc3d1
573696b86e3b12023e5ba473,573696bb6e3b12023e5bc3d1
573696b86e3b12023e5ba474,573696bb6e3b12023e5bc3d1
573696b86e3b12023e5ba47c,573696bb6e3b12023e5bc3d1
573696cd6e3b12023e5cd40b,573695426e3b12023e470f35
573696cd6e3b12023e5cd40b,573696cd6e3b12023e5cd27a
573696cd6e3b12023e5ce530,5736965e6e3b12023e56af13
573696cd6e3b12023e5ce530,573696ce6e3b12023e5cea1a
573696f76e3b12023e5f32e9,5736988d6e3b12023e74ba30
573696f76e3b12023e5f32e9,5736988e6e3b12023e74c54a
573697096e3b12023e602e5e,5736965e6e3b12023e56abeb
573697096e3b12023e602e5e,573697096e3b12023e602c70
573697096e3b12023e602ef7,5736965e6e3b12023e56af13
573697096e3b12023e602ef7,573697096e3b12023e603711
573697096e3b12023e603902,573697086e3b12023e60227e
573697246e3b12023e6169c3,573695426e3b12023e470db3
573697246e3b12023e6169c3,573697256e3b12023e617be6
5736973a6e3b12023e629bec,5736973a6e3b12023e62a1d0
5736973a6e3b12023e629d32,5736973a6e3b12023e62a1d0
5736973a6e3b12023e629d86,5736973a6e3b12023e629b5f
5736973a6e3b12023e629f97,573695436e3b12023e470f70
5736973a6e3b12023e629f97,5736973a6e3b12023e629b5f
5736973a6e3b12023e62a080,573695436e3b12023e470f70
5736973a6e3b12023e62a080,5736973a6e3b12023e62a1d0
5736973a6e3b12023e62a248,5736973a6e3b12023e62a1d0
5736973a6e3b12023e62a3f2,5736973a6e3b12023e62a1d0
5736973a6e3b12023e62a3f2,5736988a6e3b12023e74870b
5736973a6e3b12023e62a4ea,573695436e3b12023e470f70
5736973a6e3b12023e62a4ea,5736973a6e3b12023e629cd5
573697466e3b12023e633460,573697476e3b12023e6336d8
573697466e3b12023e633461,573697476e3b12023e6336d8
573697466e3b12023e633462,573697476e3b12023e6336d8
573697466e3b12023e633463,573697476e3b12023e6336d8
573697466e3b12023e633464,573697476e3b12023e6336d8
573697466e3b12023e633465,573697476e3b12023e6336d8
573697466e3b12023e633466,573697476e3b12023e6336d8
573697466e3b12023e633467,573697476e3b12023e6336d8
573697466e3b12023e633468,573697476e3b12023e6336d8
573697466e3b12023e633469,573697476e3b12023e6336d8
573697466e3b12023e63346a,573697476e3b12023e6336d8
573697466e3b12023e63346b,573697476e3b12023e6336d8
573697466e3b12023e63346c,573697476e3b12023e6336d8
573697466e3b12023e63346d,573697476e3b12023e6336d8
573697466e3b12023e63346e,573697476e3b12023e6336d8
573697466e3b12023e63346f,573697476e3b12023e6336d8
573697466e3b12023e633470,573697476e3b12023e6336d8
573697466e3b12023e633471,573697476e3b12023e6336d8
573697466e3b12023e633472,573697476e3b12023e6336d8
573697466e3b12023e633473,573697476e3b12023e6336d8
573697466e3b12023e633474,573697476e3b12023e6336d8
573697466e3b12023e633475,573697476e3b12023e6336d8
573697466e3b12023e633476,573697476e3b12023e6336d8
573697466e3b12023e633477,573697476e3b12023e6336d8
573697466e3b12023e633478,573697476e3b12023e6336d8
573697466e3b12023e633479,573697476e3b12023e6336d8
573697466e3b12023e63347a,573697476e3b12023e6336d8
573697466e3b12023e63347b,573697476e3b12023e6336d8
573697466e3b12023e63347c,573697476e3b12023e6336d8
573697466e3b12023e63347d,573697476e3b12023e6336d8
573697466e3b12023e63347e,573697476e3b12023e6336d8
573697466e3b12023e63347f,573697476e3b12023e6336d8
573697466e3b12023e633480,573697476e3b12023e6336d8
573697466e3b12023e633481,573697476e3b12023e6336d8
573697466e3b12023e633482,573697476e3b12023e6336d8
573697466e3b12023e633483,573697476e3b12023e6336d8
573697466e3b12023e633484,573697476e3b12023e6336d8
573697466e3b12023e633485,573697476e3b12023e6336d8
573697466e3b12023e633486,573697476e3b12023e6336d8
573697466e3b12023e633487,573697476e3b12023e6336d8
573697466e3b12023e633488,573697476e3b12023e6336d8
573697466e3b12023e633489,573697476e3b12023e6336d8
573697466e3b12023e63348a,573697476e3b12023e6336d8
573697466e3b12023e63348b,573697476e3b12023e6336d8
573697466e3b12023e63348c,573697476e3b12023e6336d8
573697466e3b12023e63348d,573697476e3b12023e6336d8
573697466e3b12023e63348e,573697476e3b12023e6336d8
573697466e3b12023e63348f,573697476e3b12023e6336d8
573697466e3b12023e633490,573697476e3b12023e6336d8
573697556e3b12023e63f7dc,573697556e3b12023e63f802
573697556e3b12023e63f7dd,573697556e3b12023e63f802
573697556e3b12023e63f7ea,573697556e3b12023e63f802
573697556e3b12023e63f7fd,573697556e3b12023e63f802
573697556e3b12023e63f812,573697556e3b12023e63f802
573697556e3b12023e63f82f,573697556e3b12023e63f802
573697556e3b12023e63f832,573697556e3b12023e63f802
573697556e3b12023e63f85e,573697556e3b12023e63f802
573697556e3b12023e63f863,573697556e3b12023e63f802
573697556e3b12023e63f871,573697556e3b12023e63f802
573697556e3b12023e63f87f,573697556e3b12023e63f802
573697556e3b12023e63f889,573697556e3b12023e63f802
573697556e3b12023e63f8c0,573697556e3b12023e63f802
573697556e3b12023e63f8c3,573697556e3b12023e63f802
573697556e3b12023e63f900,573697556e3b12023e63f802
573697556e3b12023e63f936,573697556e3b12023e63f802
573697556e3b12023e63f93e,573697556e3b12023e63f802
573697556e3b12023e63f949,573697556e3b12023e63f802
573697556e3b12023e63f959,573697556e3b12023e63f802
573697556e3b12023e63f95c,573697556e3b12023e63f802
573697556e3b12023e63f96f,573697556e3b12023e63f802
573697556e3b12023e63f991,573697556e3b12023e63f802
573697556e3b12023e63f9b2,573697556e3b12023e63f802
573697556e3b12023e63f9d7,573697556e3b12023e63f802
573697556e3b12023e63f9fd,573697556e3b12023e63f802
573697556e3b12023e63fa4d,573697556e3b12023e63f802
573697556e3b12023e63fa70,573697556e3b12023e63f802
573697556e3b12023e63fa75,573697556e3b12023e63f802
573697556e3b12023e63fa77,573697556e3b12023e63f802
573697556e3b12023e63fa85,573697556e3b12023e63f802
573697556e3b12023e63fa86,573697556e3b12023e63f802
573697556e3b12023e63fa89,573697556e3b12023e63f802
573697556e3b12023e63fa8c,573697556e3b12023e63f802
573697556e3b12023e63fa8d,573697556e3b12023e63f802
573697556e3b12023e63fa8f,573697556e3b12023e63f802
573697556e3b12023e63fab4,573697556e3b12023e63f802
573697556e3b12023e63fd78,573695426e3b12023e470db3
573697556e3b12023e63fd78,573697556e3b12023e63f802
573697566e3b12023e640072,573697556e3b12023e63f802
573697566e3b12023e64008f,573697556e3b12023e63f802
573697566e3b12023e640098,573697556e3b12023e63f802
573697566e3b12023e6400c1,573697556e3b12023e63f802
573697566e3b12023e640117,573697556e3b12023e63f802
573697566e3b12023e64011a,573697556e3b12023e63f802
573697566e3b12023e64011b,573697556e3b12023e63f802
573697666e3b12023e64d871,573695426e3b12023e470db3
573697666e3b12023e64d871,573697666e3b12023e64dca1
573697766e3b12023e65d799,5736965e6e3b12023e56b14b
573697766e3b12023e65d799,573697766e3b12023e65d6ef
573697866e3b12023e66bfa2,5736978a6e3b12023e670335
573697866e3b12023e66bfaa,5736978a6e3b12023e670335
573697866e3b12023e66bfad,5736978a6e3b12023e670335
573697866e3b12023e66bfaf,5736978a6e3b12023e670335
573697866e3b12023e66bfb1,5736978a6e3b12023e670335
573697866e3b12023e66bfc1,5736978a6e3b12023e670335
573697866e3b12023e66bfca,5736978a6e3b12023e670335
573697866e3b12023e66bfd0,5736978a6e3b12023e670335
573697866e3b12023e66bfd6,5736978a6e3b12023e670335
573697866e3b12023e66bfe7,5736978a6e3b12023e670335
573697866e3b12023e66bffe,5736978a6e3b12023e670335
573697866e3b12023e66c00e,5736978a6e3b12023e670335
573697866e3b12023e66c01f,5736978a6e3b12023e670335
573697866e3b12023e66c020,5736978a6e3b12023e670335
573697866e3b12023e66c023,5736978a6e3b12023e670335
573697866e3b12023e66c028,5736978a6e3b12023e670335
573697866e3b12023e66c042,5736978a6e3b12023e670335
573697866e3b12023e66c045,5736978a6e3b12023e670335
573697866e3b12023e66c046,5736978a6e3b12023e670335
573697866e3b12023e66c048,5736978a6e3b12023e670335
573697866e3b12023e66c05b,5736978a6e3b12023e670335
573697866e3b12023e66c06d,5736978a6e3b12023e670335
573697866e3b12023e66c075,5736978a6e3b12023e670335
573697866e3b12023e66c09b,5736978a6e3b12023e670335
573697866e3b12023e66c0b9,5736978a6e3b12023e670335
573697866e3b12023e66c0c5,5736978a6e3b12023e670335
573697866e3b12023e66c0da,5736978a6e3b12023e670335
573697866e3b12023e66c0e0,5736978a6e3b12023e670335
573697866e3b12023e66c0e7,5736978a6e3b12023e670335
573697866e3b12023e66c0eb,5736978a6e3b12023e670335
573697866e3b12023e66c0f9,5736978a6e3b12023e670335
573697866e3b12023e66c108,5736978a6e3b12023e670335
573697866e3b12023e66c10e,5736978a6e3b12023e670335
573697866e3b12023e66c112,5736978a6e3b12023e670335
573697866e3b12023e66c11e,5736978a6e3b12023e670335
573697866e3b12023e66c123,5736978a6e3b12023e670335
573697866e3b12023e66c12f,5736978a6e3b12023e670335
573697866e3b12023e66c143,5736978a6e3b12023e670335
573697866e3b12023e66c151,5736978a6e3b12023e670335
573697866e3b12023e66c15f,5736978a6e3b12023e670335
573697866e3b12023e66c174,5736978a6e3b12023e670335
573697866e3b12023e66c177,5736978a6e3b12023e670335
573697866e3b12023e66c19e,5736978a6e3b12023e670335
573697866e3b12023e66c1c7,5736978a6e3b12023e670335
573697866e3b12023e66c1d5,5736978a6e3b12023e670335
573697866e3b12023e66c1ee,5736978a6e3b12023e670335
573697866e3b12023e66c230,5736978a6e3b12023e670335
573697866e3b12023e66c233,5736978a6e3b12023e670335
573697866e3b12023e66c249,5736978a6e3b12023e670335
5736979b6e3b12023e680d73,573695436e3b12023e470f70
5736979b6e3b12023e680d73,5736979b6e3b12023e680992
5736979e6e3b12023e683ec3,573695426e3b12023e470f35
5736979e6e3b12023e683ec3,5736979f6e3b12023e683fce
5736979f6e3b12023e683ffd,573695426e3b12023e470f35
5736979f6e3b12023e683ffd,5736979e6e3b12023e683f5a
573697d16e3b12023e6b01bd,573697d16e3b12023e6b01d6
573697d16e3b12023e6b01db,573697d16e3b12023e6b01d6
573697d16e3b12023e6b01e7,573697d16e3b12023e6b01d6
573697d16e3b12023e6b01ef,573697d16e3b12023e6b01d6
573697d16e3b12023e6b0210,573697d16e3b12023e6b01d6
573697d16e3b12023e6b0217,573695426e3b12023e470c15
573697d16e3b12023e6b0217,573697d16e3b12023e6b01d6
573697d16e3b12023e6b021e,573697d16e3b12023e6b01d6
573697d16e3b12023e6b0228,573697d16e3b12023e6b01d6
573697d16e3b12023e6b0232,573697d16e3b12023e6b01d6
573697d16e3b12023e6b0253,573697d16e3b12023e6b01d6
573697d16e3b12023e6b027c,573697d16e3b12023e6b01d6
573697d16e3b12023e6b02b7,573697d16e3b12023e6b01d6
573697d16e3b12023e6b02cd,573697d16e3b12023e6b01d6
573697d16e3b12023e6b02e5,573697d16e3b12023e6b01d6
573697d16e3b12023e6b02eb,573697d16e3b12023e6b01d6
573697d16e3b12023e6b02f2,573697d16e3b12023e6b01d6
573697d16e3b12023e6b02ff,573697d16e3b12023e6b01d6
573697d16e3b12023e6b0327,573697d16e3b12023e6b01d6
573697d16e3b12023e6b033b,573697d16e3b12023e6b01d6
573697d16e3b12023e6b034d,573697d16e3b12023e6b01d6
573697d16e3b12023e6b0358,573697d16e3b12023e6b01d6
573697d16e3b12023e6b037b,573697d16e3b12023e6b01d6
573697ea6e3b12023e6c63fc,5736965e6e3b12023e56abeb
573697ea6e3b12023e6c63fc,555037847cea80f95418b811
5736981d6e3b12023e6f077e,573695426e3b12023e470f35
5736981d6e3b12023e6f077e,5736981d6e3b12023e6f08b2
5736982e6e3b12023e6ff893,573695426e3b12023e470f35
5736982e6e3b12023e6ff893,5736982e6e3b12023e6ff852
5736985a6e3b12023e7204e9,573696856e3b12023e59187a
5736985a6e3b12023e7204e9,573696866e3b12023e5918f8
5736985a6e3b12023e7204e9,5736988d6e3b12023e74ba10
5736985a6e3b12023e7204e9,5736988e6e3b12023e74c54a
5736985a6e3b12023e7204e9,5736988e6e3b12023e74c54f
573698636e3b12023e728f4b,5736965e6e3b12023e56ab97
573698636e3b12023e728f4b,5736965e6e3b12023e56b026
573698636e3b12023e728f4b,5736965e6e3b12023e56b244
573698636e3b12023e728f4b,5736977c6e3b12023e663198
573698636e3b12023e728f4b,573698636e3b12023e729a42
573698636e3b12023e729227,5736965e6e3b12023e56b274
573698636e3b12023e729227,573698636e3b12023e729b01
573698636e3b12023e7296bb,5736965d6e3b12023e56aaad
573698636e3b12023e7296bb,5736965e6e3b12023e56ad7a
573698636e3b12023e7296bb,573698636e3b12023e7294b5
573698636e3b12023e729873,5736965e6e3b12023e56b274
573698636e3b12023e729873,573698636e3b12023e729b01
573698636e3b12023e729d04,5736965e6e3b12023e56b274
573698636e3b12023e729d04,573698636e3b12023e729b01
5736988d6e3b12023e74ba30,573696856e3b12023e59187a
5736988d6e3b12023e74ba30,5736988a6e3b12023e748678
5736988d6e3b12023e74ba30,5736988d6e3b12023e74ba10
5736988d6e3b12023e74ba30,5736988e6e3b12023e74c54a
5736988e6e3b12023e74c546,5736965e6e3b12023e56af5c
5736988e6e3b12023e74c546,573696866e3b12023e5918f8
5736988e6e3b12023e74c546,5736988d6e3b12023e74ba10
5736988e6e3b12023e74c546,5736988d6e3b12023e74ba30
5736988e6e3b12023e74c546,5736988e6e3b12023e74c54a
5736988e6e3b12023e74c547,5736988a6e3b12023e748678
5736988e6e3b12023e74c547,5736988d6e3b12023e74ba10
5736988e6e3b12023e74c54a,5736988a6e3b12023e748678
5736988e6e3b12023e74c54a,5736988d6e3b12023e74ba10
5736988e6e3b12023e74c54f,573696856e3b12023e59187a
5736988e6e3b12023e74c54f,573696866e3b12023e5918f8
5736988e6e3b12023e74c54f,5736988a6e3b12023e748678
5736988e6e3b12023e74c54f,5736988d6e3b12023e74ba10
5736988e6e3b12023e74c54f,5736988e6e3b12023e74c54a
58437748ac44360f10838a7b,58437748ac44360f10838bc8
58437748ac44360f10838a7c,58437748ac44360f10838bc8
58437748ac44360f10838a7d,58437748ac44360f10838bc8
58437748ac44360f10838a7e,58437748ac44360f10838bc8
58437748ac44360f10838a7f,58437748ac44360f10838bc8
58437748ac44360f10838a80,58437748ac44360f10838bc8
58437748ac44360f10838a81,58437748ac44360f10838bc8
58437748ac44360f10838a82,58437748ac44360f10838bc8
58437748ac44360f10838a83,58437748ac44360f10838bc8
58437748ac44360f10838a84,58437748ac44360f10838bc8
58437748ac44360f10838a85,58437748ac44360f10838bc8
58437748ac44360f10838a86,58437748ac44360f10838bc8
58437748ac44360f10838a87,58437748ac44360f10838bc8
58437748ac44360f10838a88,58437748ac44360f10838bc8
58437748ac44360f10838a89,58437748ac44360f10838bc8
58437748ac44360f10838a8a,58437748ac44360f10838bc8
58437748ac44360f10838a8b,58437748ac44360f10838bc8
58437748ac44360f10838a8c,58437748ac44360f10838bc8
58437748ac44360f10838a8d,58437748ac44360f10838bc8
58437748ac44360f10838a8e,58437748ac44360f10838bc8
58437748ac44360f10838a8f,58437748ac44360f10838bc8
58437748ac44360f10838a90,58437748ac44360f10838bc8
58437748ac44360f10838a91,58437748ac44360f10838bc8
58437748ac44360f10838a92,58437748ac44360f10838bc8
58437748ac44360f10838a93,58437748ac44360f10838bc8
58437748ac44360f10838a94,58437748ac44360f10838bc8
58437748ac44360f10838a95,58437748ac44360f10838bc8
58437748ac44360f10838a96,58437748ac44360f10838bc8
58437748ac44360f10838a97,58437748ac44360f10838bc8
58437748ac44360f10838a98,58437748ac44360f10838bc8
58437748ac44360f10838a99,58437748ac44360f10838bc8
58437748ac44360f10838a9a,58437748ac44360f10838bc8
58437748ac44360f10838a9b,58437748ac44360f10838bc8
58437748ac44360f10838a9c,58437748ac44360f10838bc8
58437748ac44360f10838a9d,58437748ac44360f10838bc8
58437748ac44360f10838a9e,58437748ac44360f10838bc8
58437748ac44360f10838a9f,58437748ac44360f10838bc8
58437748ac44360f10838aa0,58437748ac44360f10838bc8
58437748ac44360f10838aa1,58437748ac44360f10838bc8
58437748ac44360f10838aa2,58437748ac44360f10838bc8
58437748ac44360f10838aa3,58437748ac44360f10838bc8
58437748ac44360f10838aa4,58437748ac44360f10838bc8
58437748ac44360f10838aa5,58437748ac44360f10838bc8
58437748ac44360f10838aa6,58437748ac44360f10838bc8
58437748ac44360f10838aa7,58437748ac44360f10838bc8
58437748ac44360f10838aa8,58437748ac44360f10838bc8
58437748ac44360f10838aa9,58437748ac44360f10838bc8
58437748ac44360f10838aaa,58437748ac44360f10838bc8
58437748ac44360f10838aab,58437748ac44360f10838bc8
